ID,name,address,zip_code,phone,city,country,notes,SID
1,MARY SMITH,1913 Hanoi Way,35200, ,Sasebo,Japan,active,1
2,PATRICIA JOHNSON,1121 Loja Avenue,17886, ,San Bernardino,United States,active,1
3,LINDA WILLIAMS,692 Joliet Street,83579, ,Athenai,Greece,active,1
4,BARBARA JONES,1566 Inegl Manor,53561, ,Myingyan,Myanmar,active,2
5,ELIZABETH BROWN,53 Idfu Parkway,42399, ,Nantou,Taiwan,active,1
6,JENNIFER DAVIS,1795 Santiago de Compostela Way,18743, ,Laredo,United States,active,2
7,MARIA MILLER,900 Santiago de Compostela Parkway,93896, ,Kragujevac,Yugoslavia,active,1
8,SUSAN WILSON,478 Joliet Way,77948, ,Hamilton,New Zealand,active,2
9,MARGARET MOORE,613 Korolev Drive,45844, ,Masqat,Oman,active,2
10,DOROTHY TAYLOR,1531 Sal Drive,53628, ,Esfahan,Iran,active,1
11,LISA ANDERSON,1542 Tarlac Parkway,1027, ,Sagamihara,Japan,active,2
12,NANCY THOMAS,808 Bhopal Manor,10672, ,Yamuna Nagar,India,active,1
13,KAREN JACKSON,270 Amroha Parkway,29610, ,Osmaniye,Turkey,active,2
14,BETTY WHITE,770 Bydgoszcz Avenue,16266, ,Citrus Heights,United States,active,2
15,HELEN HARRIS,419 Iligan Lane,72878, ,Bhopal,India,active,1
16,SANDRA MARTIN,360 Toulouse Parkway,54308, ,Southend-on-Sea,United Kingdom,,2
17,DONNA THOMPSON,270 Toulon Boulevard,81766, ,Elista,Russian Federation,active,1
18,CAROL GARCIA,320 Brest Avenue,43331, ,Kaduna,Nigeria,active,2
19,RUTH MARTINEZ,1417 Lancaster Avenue,72192, ,Kimberley,South Africa,active,1
20,SHARON ROBINSON,1688 Okara Way,21954, ,Mardan,Pakistan,active,2
21,MICHELLE CLARK,262 A Corua (La Corua) Parkway,34418, ,Tangail,Bangladesh,active,1
22,LAURA RODRIGUEZ,28 Charlotte Amalie Street,37551, ,Sal,Morocco,active,1
23,SARAH LEWIS,1780 Hino Boulevard,7716, ,Liepaja,Latvia,active,2
24,KIMBERLY LEE,96 Tafuna Way,99865, ,Crdoba,Argentina,active,2
25,DEBORAH WALKER,934 San Felipe de Puerto Plata Street,99780, ,Shikarpur,Pakistan,active,1
26,JESSICA HALL,18 Duisburg Boulevard,58327, ,Citt del Vaticano,Holy See (Vatican City State),active,2
27,SHIRLEY ALLEN,217 Botshabelo Place,49521, ,Davao,Philippines,active,2
28,CYNTHIA YOUNG,1425 Shikarpur Manor,65599, ,Munger (Monghyr),India,active,1
29,ANGELA HERNANDEZ,786 Aurora Avenue,65750, ,Shimonoseki,Japan,active,2
30,MELISSA KING,1668 Anpolis Street,50199, ,Lungtan,Taiwan,active,1
31,BRENDA WRIGHT,33 Gorontalo Way,30348, ,Kamarhati,India,active,2
32,AMY LOPEZ,176 Mandaluyong Place,65213, ,Jhansi,India,active,1
33,ANNA HILL,127 Purnea (Purnia) Manor,79388, ,Alessandria,Italy,active,2
34,REBECCA SCOTT,61 Tama Street,94065, ,Kurashiki,Japan,active,2
35,VIRGINIA GREEN,391 Callao Drive,34021, ,Toulouse,France,active,2
36,KATHLEEN ADAMS,334 Munger (Monghyr) Lane,38145, ,Arak,Iran,active,2
37,PAMELA BAKER,1440 Fukuyama Loop,47929, ,Nanyang,China,active,1
38,MARTHA GONZALEZ,269 Cam Ranh Parkway,34689, ,Chisinau,Moldova,active,1
39,DEBRA NELSON,306 Antofagasta Place,3989, ,Vila Velha,Brazil,active,1
40,AMANDA CARTER,671 Graz Street,94399, ,Nador,Morocco,active,2
41,STEPHANIE MITCHELL,42 Brindisi Place,16744, ,Yerevan,Armenia,active,1
42,CAROLYN PEREZ,1632 Bislig Avenue,61117, ,Pak Kret,Thailand,active,2
43,CHRISTINE ROBERTS,1447 Imus Way,48942, ,Faaa,French Polynesia,active,2
44,MARIE TURNER,1998 Halifax Drive,76022, ,Lipetsk,Russian Federation,active,1
45,JANET PHILLIPS,1718 Valencia Street,37359, ,Antofagasta,Chile,active,1
46,CATHERINE CAMPBELL,46 Pjatigorsk Lane,23616, ,Moscow,Russian Federation,active,2
47,FRANCES PARKER,686 Garland Manor,52535, ,Juazeiro do Norte,Brazil,active,1
48,ANN EVANS,909 Garland Manor,69367, ,Niznekamsk,Russian Federation,active,1
49,JOYCE EDWARDS,725 Isesaki Place,74428, ,Jedda,Saudi Arabia,active,2
50,DIANE COLLINS,115 Hidalgo Parkway,80168, ,Omdurman,Sudan,active,1
51,ALICE STEWART,1135 Izumisano Parkway,48150, ,Fontana,United States,active,1
52,JULIE SANCHEZ,939 Probolinggo Loop,4166, ,A Corua (La Corua),Spain,active,1
53,HEATHER MORRIS,17 Kabul Boulevard,38594, ,Nagareyama,Japan,active,1
54,TERESA ROGERS,1964 Allappuzha (Alleppey) Street,48980, ,Iwakuni,Japan,active,1
55,DORIS REED,1697 Kowloon and New Kowloon Loop,57807, ,Balaiha,Russian Federation,active,2
56,GLORIA COOK,1668 Saint Louis Place,39072, ,Papeete,French Polynesia,active,1
57,EVELYN MORGAN,943 Tokat Street,45428, ,Vaduz,Liechtenstein,active,2
58,JEAN BELL,1114 Liepaja Street,69226, ,Kuching,Malaysia,active,1
59,CHERYL MURPHY,1213 Ranchi Parkway,94352, ,Mysore,India,active,1
60,MILDRED BAILEY,81 Hodeida Way,55561, ,Jaipur,India,active,1
61,KATHERINE RIVERA,915 Ponce Place,83980, ,Basel,Switzerland,active,2
62,JOAN COOPER,1717 Guadalajara Lane,85505, ,Saint Louis,United States,active,1
63,ASHLEY RICHARDSON,1214 Hanoi Way,67055, ,Lincoln,United States,active,1
64,JUDITH COX,1966 Amroha Avenue,70385, ,Daxian,China,,2
65,ROSE HOWARD,698 Otsu Street,71110, ,Cayenne,French Guiana,active,2
66,JANICE WARD,1150 Kimchon Manor,96109, ,Malm,Sweden,active,2
67,KELLY TORRES,1586 Guaruj Place,5135, ,Xiangtan,China,active,1
68,NICOLE PETERSON,57 Arlington Manor,48960, ,Shivapuri,India,active,1
69,JUDY GRAY,1031 Daugavpils Parkway,59025, ,Bchar,Algeria,active,2
70,CHRISTINA RAMIREZ,1124 Buenaventura Drive,6856, ,al-Hawiya,Saudi Arabia,active,2
71,KATHY JAMES,492 Cam Ranh Street,50805, ,Baybay,Philippines,active,1
72,THERESA WATSON,89 Allappuzha (Alleppey) Manor,75444, ,Taguig,Philippines,active,2
73,BEVERLY BROOKS,1947 Poos de Caldas Boulevard,60951, ,Chiayi,Taiwan,active,2
74,DENISE KELLY,1206 Dos Quebradas Place,20207, ,Rio Claro,Brazil,active,1
75,TAMMY SANDERS,1551 Rampur Lane,72394, ,Changhwa,Taiwan,active,2
76,IRENE PRICE,602 Paarl Street,98889, ,Pavlodar,Kazakstan,active,2
77,JANE BENNETT,1692 Ede Loop,9223, ,Araatuba,Brazil,active,2
78,LORI WOOD,936 Salzburg Lane,96709, ,Rae Bareli,India,active,1
79,RACHEL BARNES,586 Tete Way,1079, ,Kamakura,Japan,active,1
80,MARILYN ROSS,1888 Kabul Drive,20936, ,Ife,Nigeria,active,1
81,ANDREA HENDERSON,320 Baiyin Parkway,37307, ,Mahajanga,Madagascar,active,1
82,KATHRYN COLEMAN,927 Baha Blanca Parkway,9495, ,Simferopol,Ukraine,active,1
83,LOUISE JENKINS,929 Tallahassee Loop,74671, ,Springs,South Africa,active,1
84,SARA PERRY,125 Citt del Vaticano Boulevard,67912, ,Atlixco,Mexico,active,2
85,ANNE POWELL,1557 Ktahya Boulevard,88002, ,Bradford,United Kingdom,active,2
86,JACQUELINE LONG,870 Ashqelon Loop,84931, ,Songkhla,Thailand,active,2
87,WANDA PATTERSON,1740 Portoviejo Avenue,29932, ,Sincelejo,Colombia,active,1
88,BONNIE HUGHES,1942 Ciparay Parkway,82624, ,Cheju,South Korea,active,2
89,JULIA FLORES,1926 El Alto Avenue,75543, ,La Plata,Argentina,active,1
90,RUBY WASHINGTON,1952 Chatsworth Drive,25958, ,Meixian,China,active,2
91,LOIS BUTLER,1370 Le Mans Avenue,52163, ,Bandar Seri Begawan,Brunei,active,2
92,TINA SIMMONS,984 Effon-Alaiye Avenue,17119, ,Goinia,Brazil,active,2
93,PHYLLIS FOSTER,832 Nakhon Sawan Manor,49021, ,Zalantun,China,active,1
94,NORMA GONZALES,152 Kitwe Parkway,53182, ,Bislig,Philippines,active,1
95,PAULA BRYANT,1697 Tanauan Lane,22870, ,Pathankot,India,active,2
96,DIANA ALEXANDER,1308 Arecibo Way,30695, ,Augusta-Richmond County,United States,active,1
97,ANNIE RUSSELL,1599 Plock Drive,71986, ,Tete,Mozambique,active,2
98,LILLIAN GRIFFIN,669 Firozabad Loop,92265, ,al-Ayn,United Arab Emirates,active,1
99,EMILY DIAZ,588 Vila Velha Manor,51540, ,Kimchon,South Korea,active,2
100,ROBIN HAYES,1913 Kamakura Place,97287, ,Jelets,Russian Federation,active,1
101,PEGGY MYERS,733 Mandaluyong Place,77459, ,Abha,Saudi Arabia,active,1
102,CRYSTAL FORD,659 Vaduz Drive,49708, ,Ashdod,Israel,active,1
103,GLADYS HAMILTON,1177 Jelets Way,3305, ,Ilorin,Nigeria,active,1
104,RITA GRAHAM,1386 Yangor Avenue,80720, ,Toulon,France,active,1
105,DAWN SULLIVAN,454 Nakhon Sawan Boulevard,76383, ,Funafuti,Tuvalu,active,1
106,CONNIE WALLACE,1867 San Juan Bautista Tuxtepec Avenue,78311, ,Ivanovo,Russian Federation,active,1
107,FLORENCE WOODS,1532 Dzerzinsk Way,9599, ,Merlo,Argentina,active,1
108,TRACY COLE,1002 Ahmadnagar Manor,93026, ,Huixquilucan,Mexico,active,1
109,EDNA WEST,682 Junan Way,30418, ,Klerksdorp,South Africa,active,2
110,TIFFANY JORDAN,804 Elista Drive,61069, ,Enshi,China,active,2
111,CARMEN OWENS,1378 Alvorada Avenue,75834, ,Caracas,Venezuela,active,1
112,ROSA REYNOLDS,793 Cam Ranh Avenue,87057, ,Lancaster,United States,active,2
113,CINDY FISHER,1079 Tel Aviv-Jaffa Boulevard,10885, ,Cuman,Venezuela,active,2
114,GRACE ELLIS,442 Rae Bareli Place,24321, ,Duisburg,Germany,active,2
115,WENDY HARRISON,1107 Nakhon Sawan Avenue,75149, ,Nezahualcyotl,Mexico,active,1
116,VICTORIA GIBSON,544 Malm Parkway,63502, ,Pemalang,Indonesia,active,1
117,EDITH MCDONALD,1967 Sincelejo Place,73644, ,Gandhinagar,India,active,1
118,KIM CRUZ,333 Goinia Way,78625, ,Grand Prairie,United States,active,1
119,SHERRY MARSHALL,1987 Coacalco de Berriozbal Loop,96065, ,Shubra al-Khayma,Egypt,active,1
120,SYLVIA ORTIZ,241 Mosul Lane,76157, ,Dos Quebradas,Colombia,active,2
121,JOSEPHINE GOMEZ,211 Chiayi Drive,58186, ,Etawah,India,active,1
122,THELMA MURRAY,1175 Tanauan Way,64615, ,Lima,Peru,active,1
123,SHANNON FREEMAN,117 Boa Vista Way,6804, ,Varanasi (Benares),India,active,2
124,SHEILA WELLS,848 Tafuna Manor,45142, ,Ktahya,Turkey,,1
125,ETHEL WEBB,569 Baicheng Lane,60304, ,Boksburg,South Africa,active,1
126,ELLEN SIMPSON,1666 Qomsheh Drive,66255, ,Po,Brazil,active,1
127,ELAINE STEVENS,801 Hagonoy Drive,8439, ,Smolensk,Russian Federation,active,2
128,MARJORIE TUCKER,1050 Garden Grove Avenue,4999, ,Jastrzebie-Zdrj,Poland,active,1
129,CARRIE PORTER,1854 Tieli Street,15819, ,Liaocheng,China,active,1
130,CHARLOTTE HUNTER,758 Junan Lane,82639, ,guas Lindas de Gois,Brazil,active,1
131,MONICA HICKS,1752 So Leopoldo Parkway,14014, ,Mukateve,Ukraine,active,2
132,ESTHER CRAWFORD,898 Belm Manor,49757, ,Botshabelo,South Africa,active,2
133,PAULINE HENRY,261 Saint Louis Way,83401, ,Torren,Mexico,active,1
134,EMMA BOYD,765 Southampton Drive,4285, ,Qalyub,Egypt,active,1
135,JUANITA MASON,943 Johannesburg Avenue,5892, ,Pune,India,active,2
136,ANITA MORALES,788 Atinsk Street,81691, ,Hubli-Dharwad,India,active,2
137,RHONDA KENNEDY,1749 Daxian Place,11044, ,Apeldoorn,Netherlands,active,2
138,HAZEL WARREN,1587 Sullana Lane,85769, ,Hohhot,China,active,1
139,AMBER DIXON,1029 Dzerzinsk Manor,57519, ,Touliu,Taiwan,active,1
140,EVA RAMOS,1666 Beni-Mellal Place,13377, ,Clarksville,United States,active,1
141,DEBBIE REYES,928 Jaffna Loop,93762, ,Fukuyama,Japan,active,1
142,APRIL BURNS,483 Ljubertsy Parkway,60562, ,Dundee,United Kingdom,active,1
143,LESLIE GORDON,374 Bat Yam Boulevard,97700, ,Kilis,Turkey,active,1
144,CLARA SHAW,1027 Songkhla Manor,30861, ,Molodetno,Belarus,active,1
145,LUCILLE HOLMES,999 Sanaa Loop,3439, ,Soshanguve,South Africa,active,1
146,JAMIE RICE,879 Newcastle Way,90732, ,Sterling Heights,United States,active,1
147,JOANNE ROBERTSON,1337 Lincoln Parkway,99457, ,Urawa,Japan,active,2
148,ELEANOR HUNT,1952 Pune Lane,92150, ,Saint-Denis,Runion,active,1
149,VALERIE BLACK,782 Mosul Street,25545, ,Brockton,United States,active,1
150,DANIELLE DANIELS,781 Shimonoseki Drive,95444, ,Hidalgo,Mexico,active,2
151,MEGAN PALMER,1560 Jelets Boulevard,77777, ,Laiwu,China,active,2
152,ALICIA MILLS,1963 Moscow Place,64863, ,Nagaon,India,active,1
153,SUZANNE NICHOLS,456 Escobar Way,36061, ,Jakarta,Indonesia,active,2
154,MICHELE GRANT,798 Cianjur Avenue,76990, ,Yuncheng,China,active,2
155,GAIL KNIGHT,185 Novi Sad Place,41778, ,Bern,Switzerland,active,1
156,BERTHA FERGUSON,1367 Yantai Manor,21294, ,Ondo,Nigeria,active,1
157,DARLENE ROSE,1386 Nakhon Sawan Boulevard,53502, ,Pyongyang,North Korea,active,2
158,VERONICA STONE,369 Papeete Way,66639, ,Greensboro,United States,active,1
159,JILL HAWKINS,1440 Compton Place,81037, ,Linz,Austria,active,1
160,ERIN DUNN,1623 Baha Blanca Manor,81511, ,Ljubertsy,Russian Federation,active,2
161,GERALDINE PERKINS,97 Shimoga Avenue,44660, ,Tel Aviv-Jaffa,Israel,active,1
162,LAUREN HUDSON,1740 Le Mans Loop,22853, ,Le Mans,France,active,2
163,CATHY SPENCER,1287 Xiangfan Boulevard,57844, ,Kakamigahara,Japan,active,1
164,JOANN GARDNER,842 Salzburg Lane,3313, ,Tarsus,Turkey,active,2
165,LORRAINE STEPHENS,154 Tallahassee Loop,62250, ,Hami,China,active,2
166,LYNN PAYNE,710 San Felipe del Progreso Avenue,76901, ,Lilongwe,Malawi,active,1
167,SALLY PIERCE,1540 Wroclaw Drive,62686, ,Chandrapur,India,active,2
168,REGINA BERRY,475 Atinsk Way,59571, ,Jinchang,China,active,1
169,ERICA MATTHEWS,1294 Firozabad Drive,70618, ,Pingxiang,China,,2
170,BEATRICE ARNOLD,1877 Ezhou Lane,63337, ,Udaipur,India,active,1
171,DOLORES WAGNER,316 Uruapan Street,58194, ,Ipoh,Malaysia,active,2
172,BERNICE WILLIS,29 Pyongyang Loop,47753, ,Batman,Turkey,active,1
173,AUDREY RAY,1010 Klerksdorp Way,6802, ,Graz,Austria,active,1
174,YVONNE WATKINS,1848 Salala Boulevard,25220, ,Ocumare del Tuy,Venezuela,active,2
175,ANNETTE OLSON,431 Xiangtan Avenue,4854, ,Allappuzha (Alleppey),India,active,1
176,JUNE CARROLL,757 Rustenburg Avenue,89668, ,Skikda,Algeria,active,1
177,SAMANTHA DUNCAN,146 Johannesburg Way,54132, ,Matamoros,Mexico,active,2
178,MARION SNYDER,1891 Rizhao Boulevard,47288, ,Santa Brbara dOeste,Brazil,active,2
179,DANA HART,1089 Iwatsuki Avenue,35109, ,Kirovo-Tepetsk,Russian Federation,active,1
180,STACY CUNNINGHAM,1410 Benin City Parkway,29747, ,Pereira,Colombia,active,2
181,ANA BRADLEY,682 Garden Grove Place,67497, ,Memphis,United States,active,2
182,RENEE LANE,533 al-Ayn Boulevard,8862, ,Compton,United States,active,1
183,IDA ANDREWS,1839 Szkesfehrvr Parkway,55709, ,Luzinia,Brazil,active,2
184,VIVIAN RUIZ,741 Ambattur Manor,43310, ,s-Hertogenbosch,Netherlands,active,1
185,ROBERTA HARPER,927 Barcelona Street,65121, ,Shahr-e Kord,Iran,active,1
186,HOLLY FOX,435 0 Way,74750, ,Haldia,India,active,2
187,BRITTANY RILEY,140 Chiayi Parkway,38982, ,Sumy,Ukraine,active,2
188,MELANIE ARMSTRONG,1166 Changhwa Street,58852, ,Bayugan,Philippines,active,1
189,LORETTA CARPENTER,891 Novi Sad Manor,5379, ,Oshawa,Canada,active,1
190,YOLANDA WEAVER,605 Rio Claro Parkway,49348, ,Tabora,Tanzania,active,2
191,JEANETTE GREENE,1077 San Felipe de Puerto Plata Place,65387, ,Novoterkassk,Russian Federation,active,1
192,LAURIE LAWRENCE,9 San Miguel de Tucumn Manor,90845, ,Firozabad,India,active,1
193,KATIE ELLIOTT,447 Surakarta Loop,10428, ,Kisumu,Kenya,active,2
194,KRISTEN CHAVEZ,345 Oshawa Boulevard,32114, ,Hino,Japan,active,2
195,VANESSA SIMS,1792 Valle de la Pascua Place,15540, ,Siegen,Germany,active,1
196,ALMA AUSTIN,1074 Binzhou Manor,36490, ,Mannheim,Germany,active,1
197,SUE PETERS,817 Bradford Loop,89459, ,Changzhou,China,active,2
198,ELSIE KELLEY,955 Bamenda Way,1545, ,Ikerre,Nigeria,active,2
199,BETH FRANKLIN,1149 A Corua (La Corua) Boulevard,95824, ,Haiphong,Vietnam,active,2
200,JEANNE LAWSON,387 Mwene-Ditu Drive,8073, ,Ashgabat,Turkmenistan,active,2
201,VICKI FIELDS,68 Molodetno Manor,4662, ,Witten,Germany,active,1
202,CARLA GUTIERREZ,642 Nador Drive,3924, ,Bhusawal,India,active,2
203,TARA RYAN,1688 Nador Lane,61613, ,Gorontalo,Indonesia,active,1
204,ROSEMARY SCHMIDT,1215 Pyongyang Parkway,25238, ,Usak,Turkey,active,1
205,EILEEN CARR,1679 Antofagasta Street,86599, ,Ciudad del Este,Paraguay,active,2
206,TERRI VASQUEZ,1304 s-Hertogenbosch Way,10925, ,Blumenau,Brazil,active,1
207,GERTRUDE CASTILLO,850 Salala Loop,10800, ,Nuuk,Greenland,active,1
208,LUCY WHEELER,624 Oshawa Boulevard,89959, ,Balurghat,India,active,1
209,TONYA CHAPMAN,43 Dadu Avenue,4855, ,Bhilwara,India,active,2
210,ELLA OLIVER,751 Lima Loop,99405, ,Aden,Yemen,active,2
211,STACEY MONTGOMERY,1333 Haldia Street,82161, ,Fuyu,China,active,1
212,WILMA RICHARDS,660 Jedda Boulevard,25053, ,Bellevue,United States,active,2
213,GINA WILLIAMSON,1001 Miyakonojo Lane,67924, ,Taizz,Yemen,active,1
214,KRISTIN JOHNSTON,226 Brest Manor,2299, ,Sunnyvale,United States,active,1
215,JESSIE BANKS,1229 Valencia Parkway,99124, ,Stara Zagora,Bulgaria,active,2
216,NATALIE MEYER,1201 Qomsheh Manor,21464, ,Aparecida de Goinia,Brazil,active,1
217,AGNES BISHOP,866 Shivapuri Manor,22474, ,Sambhal,India,active,2
218,VERA MCCOY,1168 Najafabad Parkway,40301, ,Kabul,Afghanistan,active,1
219,WILLIE HOWELL,1244 Allappuzha (Alleppey) Place,20657, ,Vicente Lpez,Argentina,active,2
220,CHARLENE ALVAREZ,1842 Luzinia Boulevard,94420, ,Zanzibar,Tanzania,active,2
221,BESSIE MORRISON,1926 Gingoog Street,22824, ,Syrakusa,Italy,active,1
222,DELORES HANSEN,810 Palghat (Palakkad) Boulevard,73431, ,Jaroslavl,Russian Federation,active,2
223,MELINDA FERNANDEZ,1820 Maring Parkway,88307, ,Mandi Bahauddin,Pakistan,active,1
224,PEARL GARZA,60 Poos de Caldas Street,82338, ,Jodhpur,India,active,2
225,ARLENE HARVEY,1014 Loja Manor,66851, ,Ambattur,India,active,1
226,MAUREEN LITTLE,201 Effon-Alaiye Way,64344, ,Asuncin,Paraguay,active,2
227,COLLEEN BURTON,430 Alessandria Loop,47446, ,Saarbrcken,Germany,active,1
228,ALLISON STANLEY,754 Valencia Place,87911, ,Phnom Penh,Cambodia,active,2
229,TAMARA NGUYEN,356 Olomouc Manor,93323, ,Anpolis,Brazil,active,1
230,JOY GEORGE,1256 Bislig Boulevard,50598, ,Botosani,Romania,active,2
231,GEORGIA JACOBS,954 Kimchon Place,42420, ,Uttarpara-Kotrung,India,active,1
232,CONSTANCE REID,885 Yingkou Manor,31390, ,Zaria,Nigeria,active,2
233,LILLIE KIM,1736 Cavite Place,98775, ,Idfu,Egypt,active,2
234,CLAUDIA FULLER,346 Skikda Parkway,90628, ,Jalib al-Shuyukh,Kuwait,active,1
235,JACKIE LYNCH,98 Stara Zagora Boulevard,76448, ,Buenaventura,Colombia,active,1
236,MARCIA DEAN,1479 Rustenburg Boulevard,18727, ,Tanza,Philippines,active,1
237,TANYA GILBERT,647 A Corua (La Corua) Street,36971, ,Naju,South Korea,active,1
238,NELLIE GARRETT,1964 Gijn Manor,14408, ,Shimoga,India,active,1
239,MINNIE ROMERO,47 Syktyvkar Lane,22236, ,Ciomas,Indonesia,active,2
240,MARLENE WELCH,1148 Saarbrcken Parkway,1921, ,Iwaki,Japan,active,1
241,HEIDI LARSON,1103 Bilbays Parkway,87660, ,Xiangfan,China,,2
242,GLENDA FRAZIER,1246 Boksburg Parkway,28349, ,Qinhuangdao,China,active,1
243,LYDIA BURKE,1483 Pathankot Street,37288, ,San Miguel de Tucumn,Argentina,active,1
244,VIOLA HANSON,582 Papeete Loop,27722, ,Lapu-Lapu,Philippines,active,2
245,COURTNEY DAY,300 Junan Street,81314, ,Uijongbu,South Korea,active,1
246,MARIAN MENDOZA,829 Grand Prairie Way,6461, ,Maring,Brazil,active,1
247,STELLA MORENO,1473 Changhwa Parkway,75933, ,Coacalco de Berriozbal,Mexico,active,1
248,CAROLINE BOWMAN,1309 Weifang Street,57338, ,Tallahassee,United States,active,1
249,DORA MEDINA,1760 Oshawa Manor,38140, ,Tianjin,China,active,2
250,JO FOWLER,786 Stara Zagora Way,98332, ,Oyo,Nigeria,active,2
251,VICKIE BREWER,1966 Tonghae Street,36481, ,Halle/Saale,Germany,active,2
252,MATTIE HOFFMAN,1497 Yuzhou Drive,3433, ,London,United Kingdom,active,2
253,TERRY CARLSON,752 Ondo Loop,32474, ,Miyakonojo,Japan,active,1
254,MAXINE SILVA,1338 Zalantun Lane,45403, ,Poos de Caldas,Brazil,active,2
255,IRMA PEARSON,127 Iwakuni Boulevard,20777, ,Hagonoy,Philippines,active,2
256,MABEL HOLLAND,51 Laredo Avenue,68146, ,Monywa,Myanmar,active,2
257,MARSHA DOUGLAS,771 Yaound Manor,86768, ,Beira,Mozambique,active,2
258,MYRTLE FLEMING,532 Toulon Street,69517, ,Santiago de los Caballeros,Dominican Republic,active,1
259,LENA JENSEN,1027 Banjul Place,50390, ,Halisahar,India,active,2
260,CHRISTY VARGAS,1158 Mandi Bahauddin Parkway,98484, ,Datong,China,active,1
261,DEANNA BYRD,862 Xintai Lane,30065, ,Tuguegarao,Philippines,active,1
262,PATSY DAVIDSON,816 Cayenne Parkway,93629, ,Portoviejo,Ecuador,active,2
263,HILDA HOPKINS,1831 Nam Dinh Loop,51990, ,Mandaluyong,Philippines,active,1
264,GWENDOLYN MAY,446 Kirovo-Tepetsk Lane,19428, ,Higashiosaka,Japan,active,1
265,JENNIE TERRY,682 Halisahar Place,20536, ,Olomouc,Czech Republic,active,2
266,NORA HERRERA,1587 Loja Manor,5410, ,Salzburg,Austria,active,2
267,MARGIE WADE,1762 Paarl Parkway,53928, ,Lengshuijiang,China,active,1
268,NINA SOTO,1519 Ilorin Place,49298, ,Palghat (Palakkad),India,active,1
269,CASSANDRA WALTERS,920 Kumbakonam Loop,75090, ,Salinas,United States,active,1
270,LEAH CURTIS,906 Goinia Way,83565, ,Kalisz,Poland,active,1
271,PENNY NEAL,1675 Xiangfan Manor,11763, ,Kumbakonam,India,,1
272,KAY CALDWELL,85 San Felipe de Puerto Plata Drive,46063, ,Yantai,China,active,1
273,PRISCILLA LOWE,144 South Hill Loop,2012, ,Salamanca,Mexico,active,2
274,NAOMI JENNINGS,1884 Shikarpur Avenue,85548, ,Karnal,India,active,1
275,CAROLE BARNETT,1980 Kamjanets-Podilskyi Street,89502, ,Peoria,United States,active,2
276,BRANDY GRAVES,1944 Bamenda Way,24645, ,Warren,United States,active,1
277,OLGA JIMENEZ,556 Baybay Manor,55802, ,Ogbomosho,Nigeria,active,2
278,BILLIE HORTON,457 Tongliao Loop,56254, ,Inegl,Turkey,active,2
279,DIANNE SHELTON,600 Bradford Street,96204, ,Tabriz,Iran,active,2
280,TRACEY BARRETT,1006 Santa Brbara dOeste Manor,36229, ,Owo,Nigeria,active,2
281,LEONA OBRIEN,1308 Sumy Loop,30657, ,Fuzhou,China,active,2
282,JENNY CASTRO,1405 Chisinau Place,8160, ,Ponce,Puerto Rico,active,2
283,FELICIA SUTTON,226 Halifax Street,58492, ,Korla,China,active,1
284,SONIA GREGORY,1279 Udine Parkway,75860, ,Benin City,Nigeria,active,1
285,MIRIAM MCKINNEY,1336 Benin City Drive,46044, ,Otsu,Japan,active,1
286,VELMA LUCAS,1155 Liaocheng Place,22650, ,Effon-Alaiye,Nigeria,active,1
287,BECKY MILES,1993 Tabuk Lane,64221, ,Tambaram,India,active,2
288,BOBBIE CRAIG,86 Higashiosaka Lane,33768, ,Valle de Santiago,Mexico,active,1
289,VIOLET RODRIQUEZ,1912 Allende Manor,58124, ,Kowloon and New Kowloon,Hong Kong,active,1
290,KRISTINA CHAMBERS,544 Tarsus Boulevard,53145, ,Valle de la Pascua,Venezuela,active,1
291,TONI HOLT,1936 Cuman Avenue,61195, ,Roanoke,United States,active,1
292,MISTY LAMBERT,1192 Tongliao Street,19065, ,Sharja,United Arab Emirates,active,2
293,MAE FLETCHER,44 Najafabad Way,61391, ,Donostia-San Sebastin,Spain,active,2
294,SHELLY WATTS,32 Pudukkottai Lane,38834, ,Dayton,United States,active,2
295,DAISY BATES,661 Chisinau Lane,8856, ,Kolpino,Russian Federation,active,1
296,RAMONA HALE,951 Stara Zagora Manor,98573, ,Patiala,India,active,2
297,SHERRI RHODES,922 Vila Velha Loop,4085, ,Ahmadnagar,India,active,1
298,ERIKA PENA,898 Jining Lane,40070, ,Oulu,Finland,active,1
299,JAMES GANNON,1635 Kuwana Boulevard,52137, ,Hiroshima,Japan,active,2
300,JOHN FARNSWORTH,41 El Alto Parkway,56883, ,Parbhani,India,active,1
301,ROBERT BAUGHMAN,1883 Maikop Lane,68469, ,Kaliningrad,Russian Federation,active,2
302,MICHAEL SILVERMAN,1908 Gaziantep Place,58979, ,Tiefa,China,active,1
303,WILLIAM SATTERFIELD,687 Alessandria Parkway,57587, ,Sanaa,Yemen,active,2
304,DAVID ROYAL,827 Yuncheng Drive,79047, ,Callao,Peru,active,2
305,RICHARD MCCRARY,913 Coacalco de Berriozbal Loop,42141, ,Arlington,United States,active,1
306,CHARLES KOWALSKI,715 So Bernardo do Campo Lane,84804, ,Sungai Petani,Malaysia,active,1
307,JOSEPH JOY,1354 Siegen Street,80184, ,Angra dos Reis,Brazil,active,2
308,THOMAS GRIGSBY,1191 Sungai Petani Boulevard,9668, ,Kansas City,United States,active,1
309,CHRISTOPHER GRECO,1224 Huejutla de Reyes Boulevard,70923, ,Brescia,Italy,active,1
310,DANIEL CABRAL,543 Bergamo Avenue,59686, ,Ibirit,Brazil,active,2
311,PAUL TROUT,746 Joliet Lane,94878, ,Kursk,Russian Federation,active,2
312,MARK RINEHART,780 Kimberley Way,17032, ,Tabuk,Saudi Arabia,active,2
313,DONALD MAHON,1774 Yaound Place,91400, ,Ezhou,China,active,2
314,GEORGE LINTON,1957 Yantai Lane,59255, ,Sorocaba,Brazil,active,1
315,KENNETH GOODEN,1542 Lubumbashi Boulevard,62472, ,Bat Yam,Israel,,2
316,STEVEN CURLEY,651 Pathankot Loop,59811, ,Miraj,India,active,1
317,EDWARD BAUGH,1359 Zhoushan Parkway,29763, ,Trshavn,Faroe Islands,active,2
318,BRIAN WYMAN,1769 Iwaki Lane,25787, ,Bydgoszcz,Poland,active,1
319,RONALD WEINER,1145 Vilnius Manor,73170, ,San Felipe del Progreso,Mexico,active,2
320,ANTHONY SCHWAB,1892 Nabereznyje Telny Lane,28396, ,Tafuna,American Samoa,active,2
321,KEVIN SCHULER,470 Boksburg Street,97960, ,Birgunj,Nepal,active,1
322,JASON MORRISSEY,1427 A Corua (La Corua) Place,85799, ,Baha Blanca,Argentina,active,1
323,MATTHEW MAHAN,479 San Felipe del Progreso Avenue,54949, ,Cuautla,Mexico,active,2
324,GARY COY,867 Benin City Avenue,78543, ,Yuzhou,China,active,2
325,TIMOTHY BUNN,981 Kumbakonam Place,87611, ,Braslia,Brazil,active,1
326,JOSE ANDREW,1016 Iwakuni Street,49833, ,Kingstown,Saint Vincent and the Grenadines,active,1
327,LARRY THRASHER,663 Baha Blanca Parkway,33463, ,Adana,Turkey,active,2
328,JEFFREY SPEAR,1860 Taguig Loop,59550, ,Ciparay,Indonesia,active,2
329,FRANK WAGGONER,1816 Bydgoszcz Loop,64308, ,Jamalpur,Bangladesh,active,2
330,SCOTT SHELLEY,587 Benguela Manor,91590, ,Aurora,United States,active,1
331,ERIC ROBERT,430 Kumbakonam Drive,28814, ,Santa F,Argentina,active,1
332,STEPHEN QUALLS,1838 Tabriz Lane,1195, ,Dhaka,Bangladesh,active,1
333,ANDREW PURDY,431 Szkesfehrvr Avenue,57828, ,Baku,Azerbaijan,active,2
334,RAYMOND MCWHORTER,503 Sogamoso Loop,49812, ,Sumqayit,Azerbaijan,active,2
335,GREGORY MAULDIN,507 Smolensk Loop,22971, ,Sousse,Tunisia,active,1
336,JOSHUA MARK,1920 Weifang Avenue,15643, ,Rampur,India,active,1
337,JERRY JORDON,124 al-Manama Way,52368, ,Onomichi,Japan,active,1
338,DENNIS GILMAN,1443 Mardan Street,31483, ,Paarl,South Africa,active,1
339,WALTER PERRYMAN,1909 Benguela Lane,19913, ,Xinxiang,China,active,2
340,PATRICK NEWSOM,68 Ponce Parkway,85926, ,Hanoi,Vietnam,active,1
341,PETER MENARD,1217 Konotop Avenue,504, ,Ede,Netherlands,active,1
342,HAROLD MARTINO,1293 Nam Dinh Way,71583, ,Boa Vista,Brazil,active,1
343,DOUGLAS GRAF,785 Vaduz Street,36170, ,Mexicali,Mexico,active,1
344,HENRY BILLINGSLEY,1516 Escobar Drive,46069, ,Nukualofa,Tonga,active,1
345,CARL ARTIS,1628 Nagareyama Lane,60079, ,San Lorenzo,Paraguay,active,1
346,ARTHUR SIMPKINS,1157 Nyeri Loop,56380, ,Maikop,Russian Federation,active,1
347,RYAN SALISBURY,1673 Tangail Drive,26857, ,Daugavpils,Latvia,active,2
348,ROGER QUINTANILLA,381 Kabul Way,87272, ,Hsichuh,Taiwan,active,2
349,JOE GILLILAND,953 Hodeida Street,18841, ,Imus,Philippines,active,2
350,JUAN FRALEY,469 Nakhon Sawan Street,58866, ,Teboksary,Russian Federation,active,1
351,JACK FOUST,1378 Beira Loop,40792, ,Zeleznogorsk,Russian Federation,active,1
352,ALBERT CROUSE,1641 Changhwa Place,37636, ,Bamenda,Cameroon,active,1
353,JONATHAN SCARBOROUGH,1698 Southport Loop,49009, ,Pachuca de Soto,Mexico,active,1
354,JUSTIN NGO,519 Nyeri Manor,37650, ,Santo Andr,Brazil,active,2
355,TERRY GRISSOM,619 Hunuco Avenue,81508, ,Matsue,Japan,active,2
356,GERALD FULTZ,45 Aparecida de Goinia Place,7431, ,Satna,India,active,2
357,KEITH RICO,482 Kowloon and New Kowloon Manor,97056, ,Bratislava,Slovakia,active,1
358,SAMUEL MARLOW,604 Bern Place,5373, ,Ranchi,India,active,2
359,WILLIE MARKHAM,1623 Kingstown Drive,91299, ,Almirante Brown,Argentina,active,2
360,RALPH MADRIGAL,1009 Zanzibar Lane,64875, ,Arecibo,Puerto Rico,active,2
361,LAWRENCE LAWTON,114 Jalib al-Shuyukh Manor,60440, ,Yaound,Cameroon,active,2
362,NICHOLAS BARFIELD,1163 London Parkway,6066, ,Belm,Brazil,active,1
363,ROY WHITING,1658 Jastrzebie-Zdrj Loop,96584, ,Nyeri,Kenya,active,2
364,BENJAMIN VARNEY,817 Laredo Avenue,77449, ,Guadalajara,Mexico,active,1
365,BRUCE SCHWARZ,1565 Tangail Manor,45750, ,Okinawa,Japan,active,2
366,BRANDON HUEY,1912 Emeishan Drive,33050, ,Balikesir,Turkey,active,1
367,ADAM GOOCH,230 Urawa Drive,2738, ,Adoni,India,active,1
368,HARRY ARCE,1922 Miraj Way,13203, ,Najafabad,Iran,,1
369,FRED WHEAT,433 Florencia Street,91330, ,Jurez,Mexico,active,2
370,WAYNE TRUONG,1049 Matamoros Parkway,69640, ,Gulbarga,India,active,2
371,BILLY POULIN,1061 Ede Avenue,57810, ,Cabuyao,Philippines,active,1
372,STEVE MACKENZIE,154 Oshawa Manor,72771, ,Probolinggo,Indonesia,active,2
373,LOUIS LEONE,1191 Tandil Drive,6362, ,Tanauan,Philippines,active,1
374,JEREMY HURTADO,1133 Rizhao Avenue,2800, ,Vitria de Santo Anto,Brazil,active,2
375,AARON SELBY,1519 Santiago de los Caballeros Loop,22025, ,Mwene-Ditu,"Congo, The Democratic Republic of the",active,2
376,RANDY GAITHER,1618 Olomouc Manor,26385, ,Kurgan,Russian Federation,active,1
377,HOWARD FORTNER,220 Hidalgo Drive,45298, ,Kermanshah,Iran,active,1
378,EUGENE CULPEPPER,686 Donostia-San Sebastin Lane,97390, ,Shenzhen,China,active,1
379,CARLOS COUGHLIN,97 Mogiljov Lane,89294, ,Bhavnagar,India,active,1
380,RUSSELL BRINSON,1642 Charlotte Amalie Drive,75442, ,Tychy,Poland,active,1
381,BOBBY BOUDREAU,1368 Maracabo Boulevard,32716, ,South Hill,Anguilla,active,2
382,VICTOR BARKLEY,401 Sucre Boulevard,25007, ,Manchester,United States,active,2
383,MARTIN BALES,368 Hunuco Boulevard,17165, ,Namibe,Angola,active,1
384,ERNEST STEPP,500 Lincoln Parkway,95509, ,Huaian,China,active,2
385,PHILLIP HOLM,102 Chapra Drive,14073, ,Tama,Japan,active,1
386,TODD TAN,1793 Meixian Place,33535, ,Kamjanets-Podilskyi,Ukraine,active,1
387,JESSE SCHILLING,514 Ife Way,69973, ,Lubumbashi,"Congo, The Democratic Republic of the",active,2
388,CRAIG MORRELL,717 Changzhou Lane,21615, ,Cavite,Philippines,active,2
389,ALAN KAHN,753 Ilorin Avenue,3656, ,Emeishan,China,active,1
390,SHAWN HEATON,1337 Mit Ghamr Avenue,29810, ,Nakhon Sawan,Thailand,active,1
391,CLARENCE GAMEZ,767 Pyongyang Drive,83536, ,Izumisano,Japan,active,1
392,SEAN DOUGLASS,614 Pak Kret Street,27796, ,Addis Abeba,Ethiopia,active,2
393,PHILIP CAUSEY,954 Lapu-Lapu Way,8816, ,Korolev,Russian Federation,active,1
394,CHRIS BROTHERS,331 Bydgoszcz Parkway,966, ,Gijn,Spain,active,2
395,JOHNNY TURPIN,1152 Citrus Heights Manor,5239, ,al-Qadarif,Sudan,active,2
396,EARL SHANKS,168 Cianjur Manor,73824, ,Iwatsuki,Japan,active,1
397,JIMMY SCHRADER,616 Hagonoy Avenue,46043, ,Atinsk,Russian Federation,active,1
398,ANTONIO MEEK,1190 0 Place,10417, ,Bag,Brazil,active,1
399,DANNY ISOM,734 Bchar Place,30586, ,Okara,Pakistan,active,1
400,BRYAN HARDISON,530 Lausanne Lane,11067, ,Dallas,United States,active,2
401,TONY CARRANZA,454 Patiala Lane,13496, ,Koriyama,Japan,active,2
402,LUIS YANEZ,1346 Mysore Drive,61507, ,Brest,France,active,1
403,MIKE WAY,990 Etawah Loop,79940, ,Valparai,India,active,1
404,STANLEY SCROGGINS,1266 Laredo Parkway,7664, ,Omiya,Japan,active,2
405,LEONARD SCHOFIELD,88 Nagaon Manor,86868, ,Tandil,Argentina,active,1
406,NATHAN RUNYON,264 Bhimavaram Manor,54749, ,Charlotte Amalie,"Virgin Islands, U.S.",,1
407,DALE RATCLIFF,1639 Saarbrcken Drive,9827, ,Rustenburg,South Africa,active,1
408,MANUEL MURRELL,692 Amroha Drive,35575, ,Jaffna,Sri Lanka,active,1
409,RODNEY MOELLER,1936 Lapu-Lapu Parkway,7122, ,Deba Habe,Nigeria,active,2
410,CURTIS IRBY,432 Garden Grove Street,65630, ,Richmond Hill,Canada,active,2
411,NORMAN CURRIER,1445 Carmen Parkway,70809, ,Cianjur,Indonesia,active,1
412,ALLEN BUTTERFIELD,791 Salinas Street,40509, ,Hoshiarpur,India,active,2
413,MARVIN YEE,126 Acua Parkway,58888, ,Berhampore (Baharampur),India,active,2
414,VINCENT RALSTON,397 Sunnyvale Avenue,55566, ,Allende,Mexico,active,1
415,GLENN PULLEN,992 Klerksdorp Loop,33711, ,Amersfoort,Netherlands,active,1
416,JEFFERY PINSON,966 Arecibo Loop,94018, ,Dadu,Pakistan,active,2
417,TRAVIS ESTEP,289 Santo Andr Manor,72410, ,al-Qatif,Saudi Arabia,active,1
418,JEFF EAST,437 Chungho Drive,59489, ,San Felipe de Puerto Plata,Dominican Republic,active,2
419,CHAD CARBONE,1948 Bayugan Parkway,60622, ,Katihar,India,active,1
420,JACOB LANCE,1866 al-Qatif Avenue,89420, ,El Monte,United States,active,1
421,LEE HAWKS,1661 Abha Drive,14400, ,Pudukkottai,India,active,1
422,MELVIN ELLINGTON,1557 Cape Coral Parkway,46875, ,Laohekou,China,active,1
423,ALFRED CASILLAS,1727 Matamoros Place,78813, ,Sawhaj,Egypt,active,2
424,KYLE SPURLOCK,1269 Botosani Manor,47394, ,Shanwei,China,active,2
425,FRANCIS SIKES,355 Vitria de Santo Anto Way,81758, ,San Juan Bautista Tuxtepec,Mexico,active,2
426,BRADLEY MOTLEY,1596 Acua Parkway,70425, ,Purnea (Purnia),India,active,1
427,JESUS MCCARTNEY,259 Ipoh Drive,64964, ,Guaruj,Brazil,active,2
428,HERBERT KRUGER,1823 Hoshiarpur Lane,33191, ,Syktyvkar,Russian Federation,active,2
429,FREDERICK ISBELL,1404 Taguig Drive,87212, ,Tsuyama,Japan,active,2
430,RAY HOULE,740 Udaipur Lane,33505, ,Dzerzinsk,Russian Federation,active,1
431,JOEL FRANCISCO,287 Cuautla Boulevard,72736, ,Sucre,Bolivia,active,2
432,EDWIN BURK,1766 Almirante Brown Street,63104, ,Newcastle,South Africa,active,1
433,DON BONE,596 Huixquilucan Place,65892, ,Naala-Porto,Mozambique,active,1
434,EDDIE TOMLIN,1351 Aparecida de Goinia Parkway,41775, ,Ozamis,Philippines,active,1
435,RICKY SHELBY,722 Bradford Lane,90920, ,Junan,China,active,2
436,TROY QUIGLEY,983 Santa F Way,47472, ,Vancouver,Canada,active,1
437,RANDALL NEUMANN,1245 Ibirit Way,40926, ,La Romana,Dominican Republic,active,2
438,BARRY LOVELACE,1836 Korla Parkway,55405, ,Kitwe,Zambia,active,1
439,ALEXANDER FENNELL,231 Kaliningrad Place,57833, ,Bergamo,Italy,active,2
440,BERNARD COLBY,495 Bhimavaram Lane,3, ,Dhule (Dhulia),India,active,1
441,MARIO CHEATHAM,1924 Shimonoseki Drive,52625, ,Batna,Algeria,active,1
442,LEROY BUSTAMANTE,105 Dzerzinsk Manor,48570, ,Tongliao,China,active,1
443,FRANCISCO SKIDMORE,614 Denizli Parkway,29444, ,So Leopoldo,Brazil,active,2
444,MARCUS HIDALGO,1289 Belm Boulevard,88306, ,Tartu,Estonia,active,2
445,MICHEAL FORMAN,203 Tambaram Street,73942, ,Escobar,Argentina,active,1
446,THEODORE CULP,1704 Tambaram Manor,2834, ,Uluberia,India,,2
447,CLIFFORD BOWENS,207 Cuernavaca Loop,52671, ,Nabereznyje Telny,Russian Federation,active,1
448,MIGUEL BETANCOURT,319 Springs Loop,99552, ,Erlangen,Germany,active,1
449,OSCAR AQUINO,956 Nam Dinh Manor,21872, ,Sirjan,Iran,active,2
450,JAY ROBB,1947 Paarl Way,23636, ,Surakarta,Indonesia,active,1
451,JIM REA,814 Simferopol Loop,48745, ,El Fuerte,Mexico,active,1
452,TOM MILNER,535 Ahmadnagar Manor,41136, ,Abu Dhabi,United Arab Emirates,active,1
453,CALVIN MARTEL,138 Caracas Boulevard,16790, ,Maracabo,Venezuela,active,1
454,ALEX GRESHAM,251 Florencia Drive,16119, ,Uruapan,Mexico,active,2
455,JON WILES,659 Gatineau Boulevard,28587, ,El Alto,Bolivia,active,2
456,RONNIE RICKETTS,1889 Valparai Way,75559, ,Ziguinchor,Senegal,active,2
457,BILL GAVIN,1485 Bratislava Place,83183, ,Rockford,United States,active,2
458,LLOYD DOWD,935 Aden Boulevard,64709, ,Tegal,Indonesia,active,1
459,TOMMY COLLAZO,76 Kermanshah Manor,23343, ,Qomsheh,Iran,active,1
460,LEON BOSTIC,734 Tanshui Avenue,70664, ,Florencia,Colombia,active,1
461,DEREK BLAKELY,118 Jaffna Loop,10447, ,Gingoog,Philippines,active,1
462,WARREN SHERROD,1621 Tongliao Avenue,22173, ,Usolje-Sibirskoje,Russian Federation,active,2
463,DARRELL POWER,1844 Usak Avenue,84461, ,Halifax,Canada,active,2
464,JEROME KENYON,1872 Toulon Loop,7939, ,Rancagua,Chile,active,1
465,FLOYD GANDY,1088 Ibirit Place,88502, ,Zapopan,Mexico,active,1
466,LEO EBERT,1322 Mosul Parkway,95400, ,Dongying,China,active,1
467,ALVIN DELOACH,1447 Chatsworth Place,41545, ,Cuauhtmoc,Mexico,active,2
468,TIM CARY,1257 Guadalajara Street,33599, ,Bijapur,India,active,1
469,WESLEY BULL,1469 Plock Lane,95835, ,Ourense (Orense),Spain,active,2
470,GORDON ALLARD,434 Ourense (Orense) Manor,14122, ,Hodeida,Yemen,active,1
471,DEAN SAUER,270 Tambaram Parkway,9668, ,Johannesburg,South Africa,active,1
472,GREG ROBINS,1786 Salinas Place,66546, ,Nam Dinh,Vietnam,active,1
473,JORGE OLIVARES,1078 Stara Zagora Drive,69221, ,Lhokseumawe,Indonesia,active,2
474,DUSTIN GILLETTE,1854 Okara Boulevard,42123, ,Emmen,Netherlands,active,2
475,PEDRO CHESTNUT,421 Yaound Street,11363, ,ostka,Ukraine,active,2
476,DERRICK BOURQUE,1153 Allende Way,20336, ,Gatineau,Canada,active,1
477,DAN PAINE,808 Naala-Porto Parkway,41060, ,Stockport,United Kingdom,active,1
478,LEWIS LYMAN,632 Usolje-Sibirskoje Parkway,73085, ,Ashqelon,Israel,active,1
479,ZACHARY HITE,98 Pyongyang Boulevard,88749, ,Akron,United States,active,1
480,COREY HAUSER,984 Novoterkassk Loop,28165, ,Gaziantep,Turkey,active,1
481,HERMAN DEVORE,64 Korla Street,25145, ,Mwanza,Tanzania,active,1
482,MAURICE CRAWLEY,1785 So Bernardo do Campo Street,71182, ,Coatzacoalcos,Mexico,,1
483,VERNON CHAPA,698 Jelets Boulevard,2596, ,Denizli,Turkey,active,2
484,ROBERTO VU,1297 Alvorada Parkway,11839, ,Yinchuan,China,active,1
485,CLYDE TOBIAS,1909 Dayton Avenue,88513, ,Shaoguan,China,active,1
486,GLEN TALBERT,1789 Saint-Denis Parkway,8268, ,Acua,Mexico,active,1
487,HECTOR POINDEXTER,185 Mannheim Lane,23661, ,Pjatigorsk,Russian Federation,active,2
488,SHANE MILLARD,184 Mandaluyong Street,94239, ,La Paz,Mexico,active,2
489,RICARDO MEADOR,591 Sungai Petani Drive,46400, ,Okayama,Japan,active,1
490,SAM MCDUFFIE,656 Matamoros Drive,19489, ,Sogamoso,Colombia,active,1
491,RICK MATTOX,775 ostka Drive,22358, ,Mit Ghamr,Egypt,active,2
492,LESTER KRAUS,1013 Tabuk Boulevard,96203, ,Kanchrapara,India,active,2
493,BRENT HARKINS,319 Plock Parkway,26101, ,Sultanbeyli,Turkey,active,1
494,RAMON CHOATE,1954 Kowloon and New Kowloon Way,63667, ,Robamba,Ecuador,active,2
495,CHARLIE BESS,362 Rajkot Lane,98030, ,Baiyin,China,active,2
496,TYLER WREN,1060 Tandil Lane,72349, ,Rizhao,China,active,2
497,GILBERT SLEDGE,1515 Korla Way,57197, ,York,United Kingdom,active,2
498,GENE SANBORN,1416 San Juan Bautista Tuxtepec Avenue,50592, ,Salala,Oman,active,1
499,MARC OUTLAW,1 Valle de Santiago Avenue,86208, ,Brindisi,Italy,active,2
500,REGINALD KINDER,519 Brescia Parkway,69504, ,Madiun,Indonesia,active,1
501,RUBEN GEARY,414 Mandaluyong Street,16370, ,Lublin,Poland,active,1
502,BRETT CORNWELL,1197 Sokoto Boulevard,87687, ,Siliguri (Shiliguri),India,active,1
503,ANGEL BARCLAY,496 Celaya Drive,90797, ,Ueda,Japan,active,1
504,NATHANIEL ADAM,786 Matsue Way,37469, ,Joliet,United States,active,1
505,RAFAEL ABNEY,48 Maracabo Place,1570, ,Talavera,Philippines,active,1
506,LESLIE SEWARD,1152 al-Qatif Lane,44816, ,Pontianak,Indonesia,active,2
507,EDGAR RHOADS,1269 Ipoh Avenue,54674, ,Eskisehir,Turkey,active,2
508,MILTON HOWLAND,758 Korolev Parkway,75474, ,Vijayawada,India,active,2
509,RAUL FORTIER,1747 Rustenburg Place,51369, ,Chapra,India,active,1
510,BEN EASTER,886 Tonghae Place,19450, ,Kamyin,Russian Federation,,2
511,CHESTER BENNER,1574 Goinia Boulevard,39529, ,Suihua,China,active,1
512,CECIL VINES,548 Uruapan Street,35653, ,London,United Kingdom,active,1
513,DUANE TUBBS,962 Tama Loop,65952, ,Yangor,Nauru,active,2
514,FRANKLIN TROUTMAN,1778 Gijn Manor,35156, ,Zaoyang,China,active,2
515,ANDRE RAPP,568 Dhule (Dhulia) Loop,92568, ,Coquimbo,Chile,active,1
516,ELMER NOE,1768 Udine Loop,32347, ,Battambang,Cambodia,active,2
517,BRAD MCCURDY,608 Birgunj Parkway,400, ,Chungho,Taiwan,active,2
518,GABRIEL HARDER,680 A Corua (La Corua) Manor,49806, ,Sivas,Turkey,active,1
519,RON DELUCA,1949 Sanya Street,61244, ,Isesaki,Japan,active,2
520,MITCHELL WESTMORELAND,617 Klerksdorp Place,94707, ,Nha Trang,Vietnam,active,2
521,ROLAND SOUTH,1993 0 Loop,41214, ,Yingkou,China,active,2
522,ARNOLD HAVENS,1176 Southend-on-Sea Manor,81651, ,Santa Rosa,Philippines,active,2
523,HARVEY GUAJARDO,600 Purnea (Purnia) Avenue,18043, ,Vinh,Vietnam,active,1
524,JARED ELY,1003 Qinhuangdao Street,25972, ,Purwakarta,Indonesia,active,1
525,ADRIAN CLARY,1986 Sivas Place,95775, ,Udine,Italy,active,2
526,KARL SEAL,1427 Tabuk Place,31342, ,Cape Coral,United States,active,2
527,CORY MEEHAN,556 Asuncin Way,35364, ,Mogiljov,Belarus,active,1
528,CLAUDE HERZOG,486 Ondo Parkway,35202, ,Benguela,Angola,active,1
529,ERIK GUILLEN,635 Brest Manor,40899, ,Bhimavaram,India,active,2
530,DARRYL ASHCRAFT,166 Jinchang Street,86760, ,Ezeiza,Argentina,active,2
531,JAMIE WAUGH,958 Sagamihara Lane,88408, ,Kuwana,Japan,active,2
532,NEIL RENNER,1817 Livorno Way,79401, ,Cam Ranh,Vietnam,active,2
533,JESSIE MILAM,1332 Gaziantep Lane,22813, ,Binzhou,China,active,1
534,CHRISTIAN JUNG,949 Allende Lane,67521, ,Amroha,India,,1
535,JAVIER ELROD,195 Ilorin Street,49250, ,NDjamna,Chad,active,1
536,FERNANDO CHURCHILL,193 Bhusawal Place,9750, ,Tonghae,South Korea,active,2
537,CLINTON BUFORD,43 Vilnius Manor,79814, ,Aurora,United States,active,2
538,TED BREAUX,183 Haiphong Street,69953, ,Baicheng,China,active,2
539,MATHEW BOLIN,163 Augusta-Richmond County Loop,33030, ,Valencia,Venezuela,active,1
540,TYRONE ASHER,191 Jos Azueta Parkway,13629, ,Ruse,Bulgaria,active,1
541,DARREN WINDHAM,379 Lublin Parkway,74568, ,Livorno,Italy,active,2
542,LONNIE TIRADO,1658 Cuman Loop,51309, ,Pangkal Pinang,Indonesia,active,2
543,LANCE PEMBERTON,454 Qinhuangdao Drive,25866, ,Beni-Mellal,Morocco,active,1
544,CODY NOLEN,1715 Okayama Street,55676, ,So Bernardo do Campo,Brazil,active,2
545,JULIO NOLAND,182 Nukualofa Drive,15414, ,Konotop,Ukraine,active,2
546,KELLY KNOTT,390 Wroclaw Way,5753, ,Sanya,China,active,1
547,KURT EMMONS,1421 Quilmes Lane,19151, ,Kanazawa,Japan,active,1
548,ALLAN CORNISH,947 Trshavn Place,841, ,Tarlac,Philippines,active,1
549,NELSON CHRISTENSON,1764 Jalib al-Shuyukh Parkway,77642, ,Santiago de Compostela,Spain,active,1
550,GUY BROWNLEE,346 Cam Ranh Avenue,39976, ,Zhoushan,China,active,2
551,CLAYTON BARBEE,1407 Pachuca de Soto Place,26284, ,Alvorada,Brazil,active,2
552,HUGH WALDROP,904 Clarksville Drive,52234, ,Haining,China,active,2
553,MAX PITT,1917 Kumbakonam Parkway,11892, ,Novi Sad,Yugoslavia,active,1
554,DWAYNE OLVERA,1447 Imus Place,12905, ,Rajkot,India,active,1
555,DWIGHT LOMBARDI,1497 Fengshan Drive,63022, ,Chatsworth,South Africa,active,1
556,ARMANDO GRUBER,869 Shikarpur Way,57380, ,Southport,United Kingdom,active,2
557,FELIX GAFFNEY,1059 Yuncheng Avenue,47498, ,Vilnius,Lithuania,active,1
558,JIMMIE EGGLESTON,505 Madiun Boulevard,97271, ,Wroclaw,Poland,,1
559,EVERETT BANDA,1741 Hoshiarpur Boulevard,22372, ,Bilbays,Egypt,active,2
560,JORDAN ARCHULETA,1229 Varanasi (Benares) Manor,40195, ,Avellaneda,Argentina,active,1
561,IAN STILL,1894 Boa Vista Way,77464, ,Garland,United States,active,2
562,WALLACE SLONE,1342 Sharja Way,93655, ,Sokoto,Nigeria,active,1
563,KEN PREWITT,1342 Abha Boulevard,10714, ,Bucuresti,Romania,active,2
564,BOB PFEIFFER,415 Pune Avenue,44274, ,Xintai,China,active,2
565,JAIME NETTLES,1746 Faaa Way,32515, ,Hunuco,Peru,active,2
566,CASEY MENA,539 Hami Way,52196, ,Tokat,Turkey,active,1
567,ALFREDO MCADAMS,1407 Surakarta Manor,33224, ,Serpuhov,Russian Federation,active,2
568,ALBERTO HENNING,502 Mandi Bahauddin Parkway,15992, ,Barcelona,Venezuela,active,2
569,DAVE GARDINER,1052 Pathankot Avenue,77397, ,Leshan,China,active,2
570,IVAN CROMWELL,1351 Sousse Lane,37815, ,Monclova,Mexico,active,2
571,JOHNNIE CHISHOLM,1501 Pangkal Pinang Avenue,943, ,Plock,Poland,active,2
572,SIDNEY BURLESON,1405 Hagonoy Avenue,86587, ,Czestochowa,Poland,active,1
573,BYRON BOX,521 San Juan Bautista Tuxtepec Place,95093, ,Zhezqazghan,Kazakstan,active,1
574,JULIAN VEST,923 Tangail Boulevard,33384, ,Akishima,Japan,active,2
575,ISAAC OGLESBY,186 Skikda Lane,89422, ,Cuernavaca,Mexico,active,2
576,MORRIS MCCARTER,1568 Celaya Parkway,34750, ,Fengshan,Taiwan,active,2
577,CLIFTON MALCOLM,1489 Kakamigahara Lane,98883, ,Tanshui,Taiwan,active,2
578,WILLARD LUMPKIN,1819 Alessandria Loop,53829, ,Carmen,Mexico,active,2
579,DARYL LARUE,1208 Tama Loop,73605, ,Mosul,Iraq,active,2
580,ROSS GREY,951 Springs Lane,96115, ,Iligan,Philippines,active,1
581,VIRGIL WOFFORD,760 Miyakonojo Drive,64682, ,Jos Azueta,Mexico,active,1
582,ANDY VANHORN,966 Asuncin Way,62703, ,Huejutla de Reyes,Mexico,active,2
583,MARSHALL THORN,1584 Ljubertsy Lane,22954, ,Southampton,United Kingdom,active,1
584,SALVADOR TEEL,247 Jining Parkway,53446, ,Banjul,Gambia,active,2
585,PERRY SWAFFORD,773 Dallas Manor,12664, ,Quilmes,Argentina,active,1
586,KIRK STCLAIR,1923 Stara Zagora Lane,95179, ,Tsaotun,Taiwan,active,1
587,SERGIO STANFIELD,1402 Zanzibar Boulevard,71102, ,Celaya,Mexico,active,1
588,MARION OCAMPO,1464 Kursk Parkway,17381, ,Weifang,China,active,1
589,TRACY HERRMANN,1074 Sanaa Parkway,22474, ,Loja,Ecuador,active,1
590,SETH HANNON,1759 Niznekamsk Avenue,39414, ,al-Manama,Bahrain,active,2
591,KENT ARSENAULT,32 Liaocheng Way,1944, ,Juiz de Fora,Brazil,active,1
592,TERRANCE ROUSH,42 Fontana Avenue,14684, ,Szkesfehrvr,Hungary,,1
593,RENE MCALISTER,1895 Zhezqazghan Drive,36693, ,Garden Grove,United States,active,2
594,EDUARDO HIATT,1837 Kaduna Parkway,82580, ,Jining,China,active,1
595,TERRENCE GUNDERSON,844 Bucuresti Place,36603, ,Jinzhou,China,active,1
596,ENRIQUE FORSYTHE,1101 Bucuresti Boulevard,97661, ,Patras,Greece,active,1
597,FREDDIE DUGGAN,1103 Quilmes Boulevard,52137, ,Sullana,Peru,active,1
598,WADE DELVALLE,1331 Usak Boulevard,61960, ,Lausanne,Switzerland,active,1
599,AUSTIN CINTRON,1325 Fukuyama Street,27107, ,Tieli,China,active,2
